fecha,osm_admin_level_2,covid19argentina_admin_level_4,SUMnue_casosconf_diff,SUMnue_fallecidos_diff,SUMtot_recuperados,SUMtot_test_negativos,SUMtot_test
2/03/2020,Argentina,capital-federal,1,0,0,0,0
3/03/2020,Argentina,no-data,0,0,0,0,0
4/03/2020,Argentina,no-data,0,0,0,0,0
5/03/2020,Argentina,buenos-aires,1,2,0,0,0
6/03/2020,Argentina,no-data,0,0,0,0,0
7/03/2020,Argentina,no-data,0,0,0,0,0
8/03/2020,Argentina,buenos-aires,8,0,0,0,0
9/03/2020,Argentina,capital-federal,1,1,0,0,0
9/03/2020,Argentina,chaco,5,0,0,0,0
9/03/2020,Argentina,rio-negro,1,0,0,0,0
9/03/2020,Argentina,san-luis,2,0,0,0,0
10/03/2020,Argentina,buenos-aires,1,0,0,0,0
10/03/2020,Argentina,capital-federal,1,1,0,0,0
11/03/2020,Argentina,buenos-aires,1,0,0,0,0
11/03/2020,Argentina,capital-federal,1,0,0,0,0
12/03/2020,Argentina,capital-federal,10,0,0,0,0
13/03/2020,Argentina,buenos-aires,1,0,0,0,0
13/03/2020,Argentina,capital-federal,2,1,0,0,0
14/03/2020,Argentina,capital-federal,11,0,0,0,0
15/03/2020,Argentina,buenos-aires,1,0,0,0,0
15/03/2020,Argentina,capital-federal,6,0,0,0,0
15/03/2020,Argentina,chaco,4,0,0,0,0
15/03/2020,Argentina,tierra-del-fuego,1,0,0,0,0
16/03/2020,Argentina,buenos-aires,1,0,0,0,0
16/03/2020,Argentina,capital-federal,5,0,0,0,0
16/03/2020,Argentina,chaco,3,0,0,0,0
16/03/2020,Argentina,no-data,0,0,0,464,529
17/03/2020,Argentina,buenos-aires,1,0,0,0,0
17/03/2020,Argentina,capital-federal,4,0,0,0,0
17/03/2020,Argentina,chaco,1,0,0,0,0
17/03/2020,Argentina,cordoba,2,0,0,0,0
17/03/2020,Argentina,entre-rios,1,0,0,0,0
17/03/2020,Argentina,jujuy,1,0,0,0,0
17/03/2020,Argentina,no-data,0,0,0,496,574
17/03/2020,Argentina,rio-negro,1,1,0,0,0
17/03/2020,Argentina,salta,1,0,0,0,0
17/03/2020,Argentina,santa-cruz,1,0,0,0,0
18/03/2020,Argentina,buenos-aires,6,0,0,0,0
18/03/2020,Argentina,capital-federal,10,0,0,0,0
18/03/2020,Argentina,chaco,1,0,0,0,0
18/03/2020,Argentina,cordoba,1,0,0,0,0
18/03/2020,Argentina,entre-rios,1,0,0,0,0
18/03/2020,Argentina,no-data,0,0,18,562,659
19/03/2020,Argentina,buenos-aires,14,0,0,0,0
19/03/2020,Argentina,capital-federal,8,1,0,0,0
19/03/2020,Argentina,chaco,2,0,0,0,0
19/03/2020,Argentina,cordoba,2,0,0,0,0
19/03/2020,Argentina,no-data,0,0,23,705,833
19/03/2020,Argentina,rio-negro,2,0,0,0,0
19/03/2020,Argentina,santa-fe,1,0,0,0,0
19/03/2020,Argentina,tucuman,1,0,0,0,0
20/03/2020,Argentina,buenos-aires,9,0,0,0,0
20/03/2020,Argentina,capital-federal,9,0,0,0,0
20/03/2020,Argentina,chaco,1,0,0,0,0
20/03/2020,Argentina,cordoba,4,0,0,0,0
20/03/2020,Argentina,corrientes,1,0,0,0,0
20/03/2020,Argentina,entre-rios,2,0,0,0,0
20/03/2020,Argentina,neuquen,1,0,0,0,0
20/03/2020,Argentina,no-data,0,0,27,872,1030
20/03/2020,Argentina,santiago-del-estero,1,0,0,0,0
20/03/2020,Argentina,tierra-del-fuego,1,0,0,0,0
21/03/2020,Argentina,buenos-aires,14,1,0,0,0
21/03/2020,Argentina,capital-federal,29,0,0,0,0
21/03/2020,Argentina,chaco,5,0,0,0,0
21/03/2020,Argentina,cordoba,4,0,0,0,0
21/03/2020,Argentina,corrientes,2,0,0,0,0
21/03/2020,Argentina,mendoza,5,0,0,0,0
21/03/2020,Argentina,no-data,0,0,31,1028,1253
21/03/2020,Argentina,rio-negro,1,0,0,0,0
21/03/2020,Argentina,santa-fe,3,0,0,0,0
21/03/2020,Argentina,tierra-del-fuego,3,0,0,0,0
21/03/2020,Argentina,tucuman,1,0,0,0,0
22/03/2020,Argentina,buenos-aires,8,0,0,0,0
22/03/2020,Argentina,capital-federal,11,0,0,0,0
22/03/2020,Argentina,chaco,7,0,0,0,0
22/03/2020,Argentina,cordoba,8,0,0,0,0
22/03/2020,Argentina,no-data,0,0,51,1271,1537
22/03/2020,Argentina,tucuman,5,0,0,0,0
23/03/2020,Argentina,buenos-aires,5,0,0,0,0
23/03/2020,Argentina,capital-federal,11,0,0,0,0
23/03/2020,Argentina,chaco,4,0,52,1453,1754
23/03/2020,Argentina,cordoba,3,0,0,0,0
23/03/2020,Argentina,santa-fe,14,0,0,0,0
24/03/2020,Argentina,buenos-aires,29,1,0,0,0
24/03/2020,Argentina,capital-federal,29,0,0,0,0
24/03/2020,Argentina,chaco,9,1,0,0,0
24/03/2020,Argentina,cordoba,7,0,0,0,0
24/03/2020,Argentina,la-pampa,1,0,0,0,0
24/03/2020,Argentina,neuquen,1,0,0,0,0
24/03/2020,Argentina,no-data,0,0,63,1453,1838
24/03/2020,Argentina,santa-cruz,1,0,0,0,0
24/03/2020,Argentina,santa-fe,3,0,0,0,0
24/03/2020,Argentina,tierra-del-fuego,4,0,0,0,0
25/03/2020,Argentina,buenos-aires,30,0,0,0,0
25/03/2020,Argentina,capital-federal,21,1,0,0,0
25/03/2020,Argentina,chaco,12,1,0,0,0
25/03/2020,Argentina,cordoba,15,0,0,0,0
25/03/2020,Argentina,entre-rios,3,0,0,0,0
25/03/2020,Argentina,mendoza,1,0,0,0,0
25/03/2020,Argentina,neuquen,1,0,0,0,0
25/03/2020,Argentina,no-data,0,0,72,1946,2448
25/03/2020,Argentina,san-luis,4,0,0,0,0
25/03/2020,Argentina,santa-cruz,5,0,0,0,0
25/03/2020,Argentina,santa-fe,22,0,0,0,0
25/03/2020,Argentina,tierra-del-fuego,1,0,0,0,0
25/03/2020,Argentina,tucuman,2,0,0,0,0
26/03/2020,Argentina,buenos-aires,27,2,0,0,0
26/03/2020,Argentina,capital-federal,30,1,0,0,0
26/03/2020,Argentina,chaco,3,1,0,0,0
26/03/2020,Argentina,cordoba,3,0,0,0,0
26/03/2020,Argentina,jujuy,2,0,0,0,0
26/03/2020,Argentina,mendoza,1,0,0,0,0
26/03/2020,Argentina,neuquen,3,0,0,0,0
26/03/2020,Argentina,no-data,0,0,75,2258,2847
26/03/2020,Argentina,san-luis,0,0,0,0,0
26/03/2020,Argentina,santa-cruz,2,0,0,0,0
26/03/2020,Argentina,santa-fe,12,0,0,0,0
26/03/2020,Argentina,tierra-del-fuego,3,0,0,0,0
27/03/2020,Argentina,buenos-aires,36,1,0,0,0
27/03/2020,Argentina,capital-federal,27,1,0,0,0
27/03/2020,Argentina,chaco,3,0,0,0,0
27/03/2020,Argentina,cordoba,5,0,0,0,0
27/03/2020,Argentina,corrientes,3,0,0,0,0
27/03/2020,Argentina,entre-rios,3,0,0,0,0
27/03/2020,Argentina,mendoza,1,1,0,0,0
27/03/2020,Argentina,misiones,1,0,0,0,0
27/03/2020,Argentina,neuquen,4,1,0,0,0
27/03/2020,Argentina,no-data,0,0,80,2817,3507
27/03/2020,Argentina,rio-negro,3,1,0,0,0
27/03/2020,Argentina,santa-fe,9,0,0,0,0
27/03/2020,Argentina,santiago-del-estero,1,0,0,0,0
27/03/2020,Argentina,tucuman,6,0,0,0,0
28/03/2020,Argentina,buenos-aires,8,1,0,0,0
28/03/2020,Argentina,capital-federal,18,1,0,0,0
28/03/2020,Argentina,chaco,5,0,0,0,0
28/03/2020,Argentina,cordoba,1,0,0,0,0
28/03/2020,Argentina,corrientes,2,0,0,0,0
28/03/2020,Argentina,mendoza,1,0,0,0,0
28/03/2020,Argentina,neuquen,2,0,0,0,0
28/03/2020,Argentina,no-data,0,0,91,3215,3960
28/03/2020,Argentina,santa-fe,13,0,0,0,0
28/03/2020,Argentina,tierra-del-fuego,4,0,0,0,0
29/03/2020,Argentina,buenos-aires,16,0,0,0,0
29/03/2020,Argentina,capital-federal,13,0,0,0,0
29/03/2020,Argentina,chaco,4,0,0,0,0
29/03/2020,Argentina,cordoba,18,0,0,0,0
29/03/2020,Argentina,corrientes,1,0,0,0,0
29/03/2020,Argentina,la-pampa,2,0,0,0,0
29/03/2020,Argentina,la-rioja,1,0,0,0,0
29/03/2020,Argentina,mendoza,1,0,0,0,0
29/03/2020,Argentina,misiones,1,0,0,0,0
29/03/2020,Argentina,no-data,0,0,228,3580,4400
29/03/2020,Argentina,san-juan,1,0,0,0,0
29/03/2020,Argentina,santa-fe,13,0,0,0,0
29/03/2020,Argentina,tierra-del-fuego,4,0,0,0,0
29/03/2020,Argentina,tucuman,0,1,0,0,0
30/03/2020,Argentina,buenos-aires,36,2,0,0,0
30/03/2020,Argentina,capital-federal,34,0,0,0,0
30/03/2020,Argentina,chaco,12,0,0,0,0
30/03/2020,Argentina,cordoba,8,0,0,0,0
30/03/2020,Argentina,corrientes,10,0,0,0,0
30/03/2020,Argentina,entre-rios,3,0,0,0,0
30/03/2020,Argentina,mendoza,3,0,0,0,0
30/03/2020,Argentina,neuquen,8,1,0,0,0
30/03/2020,Argentina,no-data,0,0,240,4065,5031
30/03/2020,Argentina,santa-fe,21,0,0,0,0
30/03/2020,Argentina,tierra-del-fuego,11,0,0,0,0
30/03/2020,Argentina,tucuman,0,1,0,0,0
31/03/2020,Argentina,buenos-aires,17,0,0,0,0
31/03/2020,Argentina,capital-federal,19,0,0,0,0
31/03/2020,Argentina,chaco,3,1,0,0,0
31/03/2020,Argentina,cordoba,14,1,0,0,0
31/03/2020,Argentina,corrientes,1,0,0,0,0
31/03/2020,Argentina,la-rioja,0,1,0,0,0
31/03/2020,Argentina,mendoza,2,0,0,0,0
31/03/2020,Argentina,misiones,1,0,0,0,0
31/03/2020,Argentina,no-data,0,0,248,4597,5651
31/03/2020,Argentina,rio-negro,1,0,0,0,0
31/03/2020,Argentina,santa-fe,22,0,0,0,0
31/03/2020,Argentina,tierra-del-fuego,7,0,0,0,0
31/03/2020,Argentina,tucuman,1,0,0,0,0
1/04/2020,Argentina,buenos-aires,10,2,0,0,0
1/04/2020,Argentina,capital-federal,10,1,0,0,0
1/04/2020,Argentina,chaco,12,0,0,0,0
1/04/2020,Argentina,cordoba,6,0,0,0,0
1/04/2020,Argentina,corrientes,1,0,0,0,0
1/04/2020,Argentina,entre-rios,1,0,0,0,0
1/04/2020,Argentina,mendoza,10,0,0,0,0
1/04/2020,Argentina,neuquen,4,1,0,0,0
1/04/2020,Argentina,no-data,0,0,256,5144,6277
1/04/2020,Argentina,salta,2,0,0,0,0
1/04/2020,Argentina,san-luis,1,0,0,0,0
1/04/2020,Argentina,santa-cruz,10,0,0,0,0
1/04/2020,Argentina,santa-fe,11,1,0,0,0
1/04/2020,Argentina,tucuman,1,0,0,0,0
2/04/2020,Argentina,buenos-aires,36,2,0,0,0
2/04/2020,Argentina,capital-federal,24,0,0,0,0
2/04/2020,Argentina,chaco,3,1,0,0,0
2/04/2020,Argentina,cordoba,16,0,0,0,0
2/04/2020,Argentina,corrientes,1,0,0,0,0
2/04/2020,Argentina,entre-rios,2,0,0,0,0
2/04/2020,Argentina,jujuy,2,0,0,0,0
2/04/2020,Argentina,la-rioja,3,0,0,0,0
2/04/2020,Argentina,mendoza,0,1,0,0,0
2/04/2020,Argentina,neuquen,4,0,0,0,0
2/04/2020,Argentina,no-data,0,0,266,6120,7385
2/04/2020,Argentina,san-luis,2,0,0,0,0
2/04/2020,Argentina,santa-cruz,2,0,0,0,0
2/04/2020,Argentina,santa-fe,8,0,0,0,0
2/04/2020,Argentina,santiago-del-estero,1,0,0,0,0
2/04/2020,Argentina,tierra-del-fuego,24,0,0,0,0
2/04/2020,Argentina,tucuman,4,0,0,0,0
3/04/2020,Argentina,buenos-aires,22,3,0,0,0
3/04/2020,Argentina,capital-federal,28,0,0,0,0
3/04/2020,Argentina,chaco,8,1,0,0,0
3/04/2020,Argentina,cordoba,14,0,0,0,0
3/04/2020,Argentina,entre-rios,2,0,0,0,0
3/04/2020,Argentina,mendoza,2,1,0,0,0
3/04/2020,Argentina,neuquen,1,0,0,0,0
3/04/2020,Argentina,no-data,0,0,279,7135,8488
3/04/2020,Argentina,rio-negro,1,0,0,0,0
3/04/2020,Argentina,san-luis,1,0,0,0,0
3/04/2020,Argentina,santa-fe,8,0,0,0,0
3/04/2020,Argentina,tierra-del-fuego,1,0,0,0,0
3/04/2020,Argentina,tucuman,0,1,0,0,0
4/04/2020,Argentina,buenos-aires,26,1,0,0,0
4/04/2020,Argentina,capital-federal,34,1,0,0,0
4/04/2020,Argentina,chaco,8,0,0,0,0
4/04/2020,Argentina,cordoba,3,0,0,0,0
4/04/2020,Argentina,la-rioja,2,0,0,0,0
4/04/2020,Argentina,neuquen,4,0,0,0,0
4/04/2020,Argentina,no-data,0,0,280,7494,8945
4/04/2020,Argentina,rio-negro,5,0,0,0,0
4/04/2020,Argentina,santa-cruz,1,0,0,0,0
4/04/2020,Argentina,santa-fe,5,0,0,0,0
4/04/2020,Argentina,santiago-del-estero,1,0,0,0,0
4/04/2020,Argentina,tierra-del-fuego,8,0,0,0,0
4/04/2020,Argentina,tucuman,1,0,0,0,0
5/04/2020,Argentina,buenos-aires,33,1,0,0,0
5/04/2020,Argentina,capital-federal,32,0,0,0,0
5/04/2020,Argentina,cordoba,5,1,0,0,0
5/04/2020,Argentina,entre-rios,1,0,0,0,0
5/04/2020,Argentina,la-rioja,2,0,0,0,0
5/04/2020,Argentina,mendoza,2,0,0,0,0
5/04/2020,Argentina,neuquen,11,0,0,0,0
5/04/2020,Argentina,no-data,0,0,325,8125,9679
5/04/2020,Argentina,rio-negro,2,0,0,0,0
5/04/2020,Argentina,santa-cruz,1,0,0,0,0
5/04/2020,Argentina,santa-fe,11,0,0,0,0
5/04/2020,Argentina,tierra-del-fuego,3,0,0,0,0
6/04/2020,Argentina,buenos-aires,12,2,0,0,0
6/04/2020,Argentina,capital-federal,17,3,0,0,0
6/04/2020,Argentina,chaco,4,1,0,0,0
6/04/2020,Argentina,cordoba,7,0,0,0,0
6/04/2020,Argentina,corrientes,2,0,0,0,0
6/04/2020,Argentina,la-rioja,1,0,0,0,0
6/04/2020,Argentina,mendoza,1,0,0,0,0
6/04/2020,Argentina,neuquen,6,1,0,0,0
6/04/2020,Argentina,no-data,0,0,338,8707,10335
6/04/2020,Argentina,rio-negro,2,0,0,0,0
6/04/2020,Argentina,san-luis,1,0,0,0,0
6/04/2020,Argentina,santa-fe,8,0,0,0,0
6/04/2020,Argentina,santiago-del-estero,5,0,0,0,0
6/04/2020,Argentina,tierra-del-fuego,2,0,0,0,0
6/04/2020,Argentina,tucuman,5,0,0,0,0
7/04/2020,Argentina,buenos-aires,34,4,0,0,0
7/04/2020,Argentina,capital-federal,24,2,0,0,0
7/04/2020,Argentina,chaco,4,0,0,0,0
7/04/2020,Argentina,cordoba,4,0,0,0,0
7/04/2020,Argentina,entre-rios,1,0,0,0,0
7/04/2020,Argentina,mendoza,2,1,0,0,0
7/04/2020,Argentina,neuquen,3,0,0,0,0
7/04/2020,Argentina,no-data,0,0,358,10020,11735
7/04/2020,Argentina,rio-negro,2,0,0,0,0
7/04/2020,Argentina,santa-cruz,8,0,0,0,0
7/04/2020,Argentina,santa-fe,3,0,0,0,0
7/04/2020,Argentina,tierra-del-fuego,2,0,0,0,0
7/04/2020,Argentina,tucuman,1,0,0,0,0
8/04/2020,Argentina,buenos-aires,17,1,0,0,0
8/04/2020,Argentina,capital-federal,18,2,0,0,0
8/04/2020,Argentina,chaco,15,0,0,0,0
8/04/2020,Argentina,cordoba,1,0,0,0,0
8/04/2020,Argentina,la-pampa,1,0,0,0,0
8/04/2020,Argentina,mendoza,6,0,0,0,0
8/04/2020,Argentina,neuquen,17,1,0,0,0
8/04/2020,Argentina,no-data,0,0,365,11385,13180
8/04/2020,Argentina,rio-negro,1,0,0,0,0
8/04/2020,Argentina,santa-fe,2,0,0,0,0
8/04/2020,Argentina,tierra-del-fuego,2,0,0,0,0
8/04/2020,Argentina,tucuman,0,1,0,0,0
9/04/2020,Argentina,buenos-aires,28,6,0,0,0
9/04/2020,Argentina,capital-federal,23,6,0,0,0
9/04/2020,Argentina,chaco,6,1,0,0,0
9/04/2020,Argentina,cordoba,5,0,0,0,0
9/04/2020,Argentina,entre-rios,1,0,0,0,0
9/04/2020,Argentina,la-rioja,5,0,0,0,0
9/04/2020,Argentina,mendoza,2,0,0,0,0
9/04/2020,Argentina,neuquen,7,0,0,0,0
9/04/2020,Argentina,no-data,0,0,375,0,0
9/04/2020,Argentina,rio-negro,13,0,0,0,0
9/04/2020,Argentina,santa-fe,7,1,0,0,0
9/04/2020,Argentina,tucuman,1,0,0,0,0
10/04/2020,Argentina,buenos-aires,19,1,0,0,0
10/04/2020,Argentina,capital-federal,11,1,0,0,0
10/04/2020,Argentina,chaco,5,0,0,0,0
10/04/2020,Argentina,cordoba,13,0,0,0,0
10/04/2020,Argentina,la-pampa,1,0,0,0,0
10/04/2020,Argentina,mendoza,9,0,0,0,0
10/04/2020,Argentina,neuquen,7,0,0,0,0
10/04/2020,Argentina,no-data,0,0,440,13584,15559
10/04/2020,Argentina,rio-negro,7,1,0,0,0
10/04/2020,Argentina,santa-cruz,6,0,0,0,0
10/04/2020,Argentina,santa-fe,1,0,0,0,0
10/04/2020,Argentina,tierra-del-fuego,2,0,0,0,0
11/04/2020,Argentina,buenos-aires,37,4,0,0,0
11/04/2020,Argentina,capital-federal,46,3,0,0,0
11/04/2020,Argentina,cordoba,32,0,0,0,0
11/04/2020,Argentina,la-rioja,4,0,0,0,0
11/04/2020,Argentina,mendoza,5,0,0,0,0
11/04/2020,Argentina,neuquen,1,0,0,0,0
11/04/2020,Argentina,no-data,0,0,468,15016,17158
11/04/2020,Argentina,rio-negro,23,0,0,0,0
11/04/2020,Argentina,san-juan,1,0,0,0,0
11/04/2020,Argentina,santa-cruz,3,0,0,0,0
11/04/2020,Argentina,santa-fe,3,0,0,0,0
11/04/2020,Argentina,santiago-del-estero,3,0,0,0,0
11/04/2020,Argentina,tierra-del-fuego,8,0,0,0,0
11/04/2020,Argentina,tucuman,1,0,0,0,0
12/04/2020,Argentina,buenos-aires,28,4,0,0,0
12/04/2020,Argentina,capital-federal,8,1,0,0,0
12/04/2020,Argentina,chaco,1,0,0,0,0
12/04/2020,Argentina,cordoba,5,1,0,0,0
12/04/2020,Argentina,la-rioja,1,0,0,0,0
12/04/2020,Argentina,mendoza,3,0,0,0,0
12/04/2020,Argentina,neuquen,1,0,0,0,0
12/04/2020,Argentina,no-data,0,0,515,15924,18132
12/04/2020,Argentina,rio-negro,13,0,0,0,0
12/04/2020,Argentina,santa-fe,3,0,0,0,0
12/04/2020,Argentina,tierra-del-fuego,4,0,0,0,0
13/04/2020,Argentina,buenos-aires,29,1,0,0,0
13/04/2020,Argentina,capital-federal,10,1,0,0,0
13/04/2020,Argentina,chaco,3,0,0,0,0
13/04/2020,Argentina,cordoba,4,1,0,0,0
13/04/2020,Argentina,corrientes,7,0,0,0,0
13/04/2020,Argentina,la-rioja,3,0,0,0,0
13/04/2020,Argentina,mendoza,2,0,0,0,0
13/04/2020,Argentina,neuquen,2,0,0,0,0
13/04/2020,Argentina,no-data,0,0,559,17192,19469
13/04/2020,Argentina,rio-negro,3,0,0,0,0
13/04/2020,Argentina,santa-fe,2,0,0,0,0
13/04/2020,Argentina,tierra-del-fuego,4,0,0,0,0
14/04/2020,Argentina,buenos-aires,66,2,0,0,0
14/04/2020,Argentina,capital-federal,22,2,0,0,0
14/04/2020,Argentina,chaco,31,1,0,0,0
14/04/2020,Argentina,cordoba,12,1,0,0,0
14/04/2020,Argentina,corrientes,0,0,0,0,0
14/04/2020,Argentina,la-rioja,6,0,0,0,0
14/04/2020,Argentina,mendoza,3,0,0,0,0
14/04/2020,Argentina,neuquen,2,0,0,0,0
14/04/2020,Argentina,no-data,0,0,596,18428,20871
14/04/2020,Argentina,rio-negro,13,0,0,0,0
14/04/2020,Argentina,santa-fe,2,0,0,0,0
14/04/2020,Argentina,tierra-del-fuego,8,0,0,0,0
15/04/2020,Argentina,buenos-aires,62,1,0,0,0
15/04/2020,Argentina,capital-federal,30,4,0,0,0
15/04/2020,Argentina,chaco,7,0,0,0,0
15/04/2020,Argentina,chubut,1,0,0,0,0
15/04/2020,Argentina,cordoba,6,1,0,0,0
15/04/2020,Argentina,la-rioja,3,1,0,0,0
15/04/2020,Argentina,mendoza,1,0,0,0,0
15/04/2020,Argentina,neuquen,1,0,0,0,0
15/04/2020,Argentina,no-data,0,0,631,20172,22743
15/04/2020,Argentina,rio-negro,12,0,0,0,0
15/04/2020,Argentina,salta,0,0,0,0,0
15/04/2020,Argentina,santa-fe,2,0,0,0,0
15/04/2020,Argentina,tierra-del-fuego,3,0,0,0,0
16/04/2020,Argentina,buenos-aires,30,3,0,0,0
16/04/2020,Argentina,capital-federal,15,2,0,0,0
16/04/2020,Argentina,chaco,11,1,0,0,0
16/04/2020,Argentina,chubut,1,0,0,0,0
16/04/2020,Argentina,cordoba,13,0,0,0,0
16/04/2020,Argentina,entre-rios,1,0,0,0,0
16/04/2020,Argentina,la-rioja,3,0,0,0,0
16/04/2020,Argentina,mendoza,5,1,0,0,0
16/04/2020,Argentina,neuquen,1,0,0,0,0
16/04/2020,Argentina,no-data,0,0,666,21819,24488
16/04/2020,Argentina,rio-negro,9,0,0,0,0
16/04/2020,Argentina,santa-fe,3,0,0,0,0
16/04/2020,Argentina,tierra-del-fuego,7,0,0,0,0
17/04/2020,Argentina,buenos-aires,34,3,0,0,0
17/04/2020,Argentina,capital-federal,14,1,0,0,0
17/04/2020,Argentina,chaco,22,0,0,0,0
17/04/2020,Argentina,cordoba,6,0,0,0,0
17/04/2020,Argentina,la-rioja,1,1,0,0,0
17/04/2020,Argentina,mendoza,1,2,0,0,0
17/04/2020,Argentina,misiones,1,0,0,0,0
17/04/2020,Argentina,neuquen,1,0,0,0,0
17/04/2020,Argentina,no-data,0,0,685,23449,26207
17/04/2020,Argentina,rio-negro,1,0,0,0,0
17/04/2020,Argentina,santa-fe,6,0,0,0,0
17/04/2020,Argentina,tierra-del-fuego,2,0,0,0,0
18/04/2020,Argentina,buenos-aires,31,2,0,0,0
18/04/2020,Argentina,capital-federal,14,1,0,0,0
18/04/2020,Argentina,chaco,24,0,0,0,0
18/04/2020,Argentina,cordoba,2,0,0,0,0
18/04/2020,Argentina,misiones,1,0,0,0,0
18/04/2020,Argentina,neuquen,3,0,0,0,0
18/04/2020,Argentina,no-data,0,0,709,24756,27595
18/04/2020,Argentina,rio-negro,3,0,0,0,0
18/04/2020,Argentina,santa-fe,3,0,0,0,0
19/04/2020,Argentina,buenos-aires,48,0,0,0,0
19/04/2020,Argentina,capital-federal,15,0,0,0,0
19/04/2020,Argentina,chaco,5,1,0,0,0
19/04/2020,Argentina,chubut,0,0,0,0,0
19/04/2020,Argentina,cordoba,11,0,0,0,0
19/04/2020,Argentina,la-rioja,4,0,0,0,0
19/04/2020,Argentina,mendoza,3,1,0,0,0
19/04/2020,Argentina,neuquen,3,0,0,0,0
19/04/2020,Argentina,no-data,0,0,737,26122,29063
19/04/2020,Argentina,rio-negro,8,0,0,0,0
19/04/2020,Argentina,santa-fe,1,0,0,0,0
19/04/2020,Argentina,tierra-del-fuego,4,0,0,0,0
20/04/2020,Argentina,buenos-aires,42,1,0,0,0
20/04/2020,Argentina,capital-federal,22,0,0,0,0
20/04/2020,Argentina,chaco,5,1,0,0,0
20/04/2020,Argentina,cordoba,0,2,0,0,0
20/04/2020,Argentina,corrientes,3,0,0,0,0
20/04/2020,Argentina,la-rioja,0,0,0,0,0
20/04/2020,Argentina,mendoza,1,1,0,0,0
20/04/2020,Argentina,neuquen,3,0,0,0,0
20/04/2020,Argentina,no-data,0,0,840,27732,30763
20/04/2020,Argentina,rio-negro,10,3,0,0,0
20/04/2020,Argentina,santa-cruz,1,0,0,0,0
20/04/2020,Argentina,santa-fe,2,0,0,0,0
20/04/2020,Argentina,tucuman,1,0,0,0,0
21/04/2020,Argentina,buenos-aires,61,4,0,0,0
21/04/2020,Argentina,capital-federal,33,4,0,0,0
21/04/2020,Argentina,chaco,5,0,0,0,0
21/04/2020,Argentina,la-rioja,1,2,0,0,0
21/04/2020,Argentina,no-data,0,0,872,29829,32973
21/04/2020,Argentina,rio-negro,11,0,0,0,0
21/04/2020,Argentina,santa-fe,1,0,0,0,0
21/04/2020,Argentina,tierra-del-fuego,1,0,0,0,0
22/04/2020,Argentina,buenos-aires,61,5,0,0,0
22/04/2020,Argentina,capital-federal,39,1,0,0,0
22/04/2020,Argentina,chaco,7,0,0,0,0
22/04/2020,Argentina,cordoba,4,1,0,0,0
22/04/2020,Argentina,la-rioja,5,0,0,0,0
22/04/2020,Argentina,mendoza,1,0,0,0,0
22/04/2020,Argentina,neuquen,1,0,0,0,0
22/04/2020,Argentina,no-data,0,0,919,31845,35133
22/04/2020,Argentina,rio-negro,17,0,0,0,0
22/04/2020,Argentina,santa-fe,5,0,0,0,0
22/04/2020,Argentina,tucuman,3,0,0,0,0
23/04/2020,Argentina,buenos-aires,84,4,0,0,0
23/04/2020,Argentina,capital-federal,37,1,0,0,0
23/04/2020,Argentina,chaco,10,0,0,0,0
23/04/2020,Argentina,cordoba,2,0,0,0,0
23/04/2020,Argentina,corrientes,1,0,0,0,0
23/04/2020,Argentina,mendoza,1,1,0,0,0
23/04/2020,Argentina,neuquen,1,0,0,0,0
23/04/2020,Argentina,no-data,0,0,976,33874,37309
23/04/2020,Argentina,rio-negro,4,0,0,0,0
23/04/2020,Argentina,santa-fe,6,0,0,0,0
23/04/2020,Argentina,tierra-del-fuego,1,0,0,0,0
24/04/2020,Argentina,buenos-aires,61,4,0,0,0
24/04/2020,Argentina,capital-federal,79,4,0,0,0
24/04/2020,Argentina,chaco,7,1,0,0,0
24/04/2020,Argentina,cordoba,3,1,0,0,0
24/04/2020,Argentina,corrientes,4,0,0,0,0
24/04/2020,Argentina,la-rioja,2,0,0,0,0
24/04/2020,Argentina,misiones,1,1,0,0,0
24/04/2020,Argentina,no-data,0,0,1030,36067,39674
24/04/2020,Argentina,rio-negro,11,0,0,0,0
24/04/2020,Argentina,santa-cruz,1,0,0,0,0
24/04/2020,Argentina,santa-fe,3,0,0,0,0
24/04/2020,Argentina,tierra-del-fuego,1,0,0,0,0
25/04/2020,Argentina,buenos-aires,94,2,0,0,0
25/04/2020,Argentina,capital-federal,55,4,0,0,0
25/04/2020,Argentina,chaco,7,0,0,0,0
25/04/2020,Argentina,cordoba,1,1,0,0,0
25/04/2020,Argentina,corrientes,1,0,0,0,0
25/04/2020,Argentina,la-rioja,3,1,0,0,0
25/04/2020,Argentina,no-data,0,0,1107,37654,41434
25/04/2020,Argentina,rio-negro,4,1,0,0,0
25/04/2020,Argentina,santa-fe,3,0,0,0,0
25/04/2020,Argentina,santiago-del-estero,1,0,0,0,0
25/04/2020,Argentina,tierra-del-fuego,4,0,0,0,0
26/04/2020,Argentina,buenos-aires,56,2,0,0,0
26/04/2020,Argentina,capital-federal,36,5,0,0,0
26/04/2020,Argentina,chaco,3,0,0,0,0
26/04/2020,Argentina,cordoba,3,0,0,0,0
26/04/2020,Argentina,corrientes,6,0,0,0,0
26/04/2020,Argentina,entre-rios,1,0,0,0,0
26/04/2020,Argentina,la-rioja,0,0,0,0,0
26/04/2020,Argentina,neuquen,1,0,0,0,0
26/04/2020,Argentina,no-data,0,0,1140,39420,43312
26/04/2020,Argentina,rio-negro,1,0,0,0,0
26/04/2020,Argentina,salta,1,0,0,0,0
26/04/2020,Argentina,santa-cruz,1,0,0,0,0
26/04/2020,Argentina,santiago-del-estero,2,0,0,0,0
26/04/2020,Argentina,tierra-del-fuego,0,0,0,0,0
26/04/2020,Argentina,tucuman,1,0,0,0,0
27/04/2020,Argentina,buenos-aires,50,1,0,0,0
27/04/2020,Argentina,capital-federal,32,2,0,0,0
27/04/2020,Argentina,chaco,10,1,0,0,0
27/04/2020,Argentina,cordoba,0,1,0,0,0
27/04/2020,Argentina,misiones,2,0,0,0,0
27/04/2020,Argentina,neuquen,3,0,0,0,0
27/04/2020,Argentina,no-data,0,0,1162,40959,44962
27/04/2020,Argentina,rio-negro,8,0,0,0,0
27/04/2020,Argentina,santa-cruz,5,0,0,0,0
27/04/2020,Argentina,tierra-del-fuego,1,0,0,0,0
28/04/2020,Argentina,buenos-aires,48,6,0,0,0
28/04/2020,Argentina,capital-federal,50,2,0,0,0
28/04/2020,Argentina,cordoba,2,1,0,0,0
28/04/2020,Argentina,corrientes,1,0,0,0,0
28/04/2020,Argentina,la-rioja,1,0,0,0,0
28/04/2020,Argentina,mendoza,1,0,0,0,0
28/04/2020,Argentina,neuquen,0,1,0,0,0
28/04/2020,Argentina,no-data,0,0,1192,42710,46837
28/04/2020,Argentina,rio-negro,13,0,0,0,0
28/04/2020,Argentina,santa-fe,1,0,0,0,0
28/04/2020,Argentina,tierra-del-fuego,6,0,0,0,0
28/04/2020,Argentina,tucuman,1,0,0,0,0
29/04/2020,Argentina,buenos-aires,103,2,0,0,0
29/04/2020,Argentina,capital-federal,34,3,0,0,0
29/04/2020,Argentina,chaco,4,1,0,0,0
29/04/2020,Argentina,cordoba,1,0,0,0,0
29/04/2020,Argentina,la-rioja,1,0,0,0,0
29/04/2020,Argentina,mendoza,2,0,0,0,0
29/04/2020,Argentina,misiones,4,0,0,0,0
29/04/2020,Argentina,neuquen,1,0,0,0,0
29/04/2020,Argentina,no-data,0,0,1256,44828,49113
29/04/2020,Argentina,rio-negro,8,1,0,0,0
30/04/2020,Argentina,buenos-aires,66,2,0,0,0
30/04/2020,Argentina,capital-federal,45,2,0,0,0
30/04/2020,Argentina,chaco,3,0,0,0,0
30/04/2020,Argentina,cordoba,2,0,0,0,0
30/04/2020,Argentina,corrientes,1,0,0,0,0
30/04/2020,Argentina,mendoza,5,0,0,0,0
30/04/2020,Argentina,neuquen,1,0,0,0,0
30/04/2020,Argentina,no-data,0,0,1292,46828,51256
30/04/2020,Argentina,rio-negro,14,0,0,0,0
30/04/2020,Argentina,santa-cruz,1,0,0,0,0
30/04/2020,Argentina,tierra-del-fuego,2,0,0,0,0
30/04/2020,Argentina,tucuman,2,0,0,0,0
1/05/2020,Argentina,buenos-aires,34,3,0,0,0
1/05/2020,Argentina,capital-federal,29,4,0,0,0
1/05/2020,Argentina,chaco,12,0,0,0,0
1/05/2020,Argentina,chubut,1,0,0,0,0
1/05/2020,Argentina,cordoba,13,0,0,0,0
1/05/2020,Argentina,corrientes,0,0,0,0,0
1/05/2020,Argentina,entre-rios,2,0,0,0,0
1/05/2020,Argentina,la-rioja,3,0,0,0,0
1/05/2020,Argentina,mendoza,1,0,0,0,0
1/05/2020,Argentina,no-data,0,0,1320,47467,61530
1/05/2020,Argentina,rio-negro,8,0,0,0,0
1/05/2020,Argentina,tierra-del-fuego,1,0,0,0,0
2/05/2020,Argentina,buenos-aires,45,2,0,0,0
2/05/2020,Argentina,capital-federal,58,8,0,0,0
2/05/2020,Argentina,chaco,11,1,0,0,0
2/05/2020,Argentina,chubut,1,0,0,0,0
2/05/2020,Argentina,cordoba,12,1,0,0,0
2/05/2020,Argentina,mendoza,0,0,0,0,0
2/05/2020,Argentina,misiones,12,0,0,0,0
2/05/2020,Argentina,no-data,0,0,1354,50098,54779
2/05/2020,Argentina,rio-negro,6,0,0,0,0
2/05/2020,Argentina,santa-fe,0,0,0,0,0
2/05/2020,Argentina,tierra-del-fuego,3,0,0,0,0
3/05/2020,Argentina,buenos-aires,38,3,0,0,0
3/05/2020,Argentina,capital-federal,49,2,0,0,0
3/05/2020,Argentina,chaco,5,1,0,0,0
3/05/2020,Argentina,chubut,0,0,0,0,0
3/05/2020,Argentina,cordoba,1,2,0,0,0
3/05/2020,Argentina,entre-rios,2,0,0,0,0
3/05/2020,Argentina,mendoza,0,0,0,0,0
3/05/2020,Argentina,misiones,0,0,0,0,0
3/05/2020,Argentina,no-data,0,0,1442,51590,56372
3/05/2020,Argentina,rio-negro,6,1,0,0,0
3/05/2020,Argentina,santa-fe,0,0,0,0,0
3/05/2020,Argentina,tierra-del-fuego,2,0,0,0,0
4/05/2020,Argentina,buenos-aires,38,7,0,0,0
4/05/2020,Argentina,capital-federal,43,4,0,0,0
4/05/2020,Argentina,chaco,5,1,0,0,0
4/05/2020,Argentina,cordoba,6,2,0,0,0
4/05/2020,Argentina,la-rioja,1,0,0,0,0
4/05/2020,Argentina,misiones,1,0,0,0,0
4/05/2020,Argentina,no-data,0,0,1472,53203,58089
4/05/2020,Argentina,rio-negro,7,0,0,0,0
4/05/2020,Argentina,tucuman,3,0,0,0,0
5/05/2020,Argentina,buenos-aires,58,1,0,0,0
5/05/2020,Argentina,capital-federal,57,1,0,0,0
5/05/2020,Argentina,chaco,11,0,0,0,0
5/05/2020,Argentina,cordoba,1,2,0,0,0
5/05/2020,Argentina,entre-rios,1,0,0,0,0
5/05/2020,Argentina,mendoza,1,0,0,0,0
5/05/2020,Argentina,no-data,0,0,1524,55227,60247
5/05/2020,Argentina,rio-negro,4,0,0,0,0
5/05/2020,Argentina,santa-fe,1,0,0,0,0
6/05/2020,Argentina,buenos-aires,63,5,0,0,0
6/05/2020,Argentina,capital-federal,102,2,0,0,0
6/05/2020,Argentina,chaco,8,1,0,0,0
6/05/2020,Argentina,cordoba,5,0,0,0,0
6/05/2020,Argentina,corrientes,3,0,0,0,0
6/05/2020,Argentina,la-rioja,1,0,0,0,0
6/05/2020,Argentina,no-data,0,0,1601,57176,62384
6/05/2020,Argentina,rio-negro,6,1,0,0,0
7/05/2020,Argentina,buenos-aires,50,6,0,0,0
7/05/2020,Argentina,capital-federal,77,2,0,0,0
7/05/2020,Argentina,chaco,30,0,0,0,0
7/05/2020,Argentina,corrientes,1,0,0,0,0
7/05/2020,Argentina,la-rioja,1,0,0,0,0
7/05/2020,Argentina,no-data,0,0,1659,59080,64451
7/05/2020,Argentina,rio-negro,3,0,0,0,0
7/05/2020,Argentina,san-juan,1,0,0,0,0
7/05/2020,Argentina,santa-fe,0,1,0,0,0
8/05/2020,Argentina,buenos-aires,77,5,0,0,0
8/05/2020,Argentina,capital-federal,130,6,0,0,0
8/05/2020,Argentina,chaco,26,0,0,0,0
8/05/2020,Argentina,cordoba,2,0,0,0,0
8/05/2020,Argentina,corrientes,1,0,0,0,0
8/05/2020,Argentina,la-rioja,1,0,0,0,0
8/05/2020,Argentina,mendoza,1,0,0,0,0
8/05/2020,Argentina,no-data,0,0,1728,61025,66636
8/05/2020,Argentina,rio-negro,2,0,0,0,0
8/05/2020,Argentina,santa-fe,0,0,0,0,0
9/05/2020,Argentina,buenos-aires,60,4,0,0,0
9/05/2020,Argentina,capital-federal,83,2,0,0,0
9/05/2020,Argentina,chaco,9,0,0,0,0
9/05/2020,Argentina,cordoba,6,0,0,0,0
9/05/2020,Argentina,corrientes,1,0,0,0,0
9/05/2020,Argentina,la-rioja,0,1,0,0,0
9/05/2020,Argentina,mendoza,0,0,0,0,0
9/05/2020,Argentina,neuquen,1,0,0,0,0
9/05/2020,Argentina,no-data,0,0,1757,62760,68536
9/05/2020,Argentina,rio-negro,4,0,0,0,0
9/05/2020,Argentina,santa-fe,0,0,0,0,0
9/05/2020,Argentina,tierra-del-fuego,1,0,0,0,0
10/05/2020,Argentina,buenos-aires,51,4,0,0,0
10/05/2020,Argentina,capital-federal,165,1,0,0,0
10/05/2020,Argentina,chaco,32,0,0,0,0
10/05/2020,Argentina,cordoba,5,0,0,0,0
10/05/2020,Argentina,corrientes,0,0,0,0,0
10/05/2020,Argentina,la-rioja,0,0,0,0,0
10/05/2020,Argentina,mendoza,0,0,0,0,0
10/05/2020,Argentina,neuquen,0,0,0,0,0
10/05/2020,Argentina,no-data,0,0,1837,64104,70138
10/05/2020,Argentina,rio-negro,2,0,0,0,0
10/05/2020,Argentina,santa-fe,0,0,0,0,0
10/05/2020,Argentina,santiago-del-estero,1,0,0,0,0
10/05/2020,Argentina,tierra-del-fuego,2,0,0,0,0
11/05/2020,Argentina,buenos-aires,44,4,0,0,0
11/05/2020,Argentina,capital-federal,137,3,0,0,0
11/05/2020,Argentina,chaco,17,1,0,0,0
11/05/2020,Argentina,cordoba,14,0,0,0,0
11/05/2020,Argentina,corrientes,16,0,0,0,0
11/05/2020,Argentina,la-rioja,1,0,0,0,0
11/05/2020,Argentina,misiones,1,0,0,0,0
11/05/2020,Argentina,neuquen,0,0,0,0,0
11/05/2020,Argentina,no-data,0,0,1862,65976,72254
11/05/2020,Argentina,rio-negro,13,1,0,0,0
11/05/2020,Argentina,santa-fe,0,0,0,0,0
11/05/2020,Argentina,santiago-del-estero,0,0,0,0,0
11/05/2020,Argentina,tucuman,1,0,0,0,0
12/05/2020,Argentina,buenos-aires,80,2,0,0,0
12/05/2020,Argentina,capital-federal,188,1,0,0,0
12/05/2020,Argentina,chaco,10,1,0,0,0
12/05/2020,Argentina,cordoba,3,1,0,0,0
12/05/2020,Argentina,corrientes,1,0,0,0,0
12/05/2020,Argentina,la-rioja,0,0,0,0,0
12/05/2020,Argentina,mendoza,1,0,0,0,0
12/05/2020,Argentina,neuquen,0,0,0,0,0
12/05/2020,Argentina,no-data,0,0,2266,68237,74800
12/05/2020,Argentina,rio-negro,1,0,0,0,0
12/05/2020,Argentina,salta,1,0,0,0,0
12/05/2020,Argentina,santa-fe,0,0,0,0,0
12/05/2020,Argentina,santiago-del-estero,0,0,0,0,0
12/05/2020,Argentina,tucuman,0,0,0,0,0
13/05/2020,Argentina,buenos-aires,96,4,0,0,0
13/05/2020,Argentina,capital-federal,179,5,0,0,0
13/05/2020,Argentina,chaco,18,1,0,0,0
13/05/2020,Argentina,cordoba,11,0,0,0,0
13/05/2020,Argentina,corrientes,5,0,0,0,0
13/05/2020,Argentina,entre-rios,1,0,0,0,0
13/05/2020,Argentina,la-rioja,0,0,0,0,0
13/05/2020,Argentina,mendoza,0,0,0,0,0
13/05/2020,Argentina,misiones,-1,0,0,0,0
13/05/2020,Argentina,neuquen,2,0,0,0,0
13/05/2020,Argentina,no-data,0,0,2385,70497,77376
13/05/2020,Argentina,rio-negro,4,0,0,0,0
13/05/2020,Argentina,salta,0,0,0,0,0
13/05/2020,Argentina,santa-fe,0,0,0,0,0
13/05/2020,Argentina,santiago-del-estero,0,0,0,0,0
13/05/2020,Argentina,tucuman,0,0,0,0,0
14/05/2020,Argentina,buenos-aires,79,12,0,0,0
14/05/2020,Argentina,capital-federal,153,9,0,0,0
14/05/2020,Argentina,chaco,9,1,0,0,0
14/05/2020,Argentina,cordoba,5,1,0,0,0
14/05/2020,Argentina,corrientes,3,0,0,0,0
14/05/2020,Argentina,entre-rios,1,0,0,0,0
14/05/2020,Argentina,la-rioja,0,0,0,0,0
14/05/2020,Argentina,mendoza,0,0,0,0,0
14/05/2020,Argentina,misiones,0,0,0,0,0
14/05/2020,Argentina,neuquen,1,0,0,0,0
14/05/2020,Argentina,no-data,0,0,2497,72972,80106
14/05/2020,Argentina,rio-negro,4,1,0,0,0
14/05/2020,Argentina,salta,0,0,0,0,0
14/05/2020,Argentina,santa-fe,0,0,0,0,0
14/05/2020,Argentina,santiago-del-estero,0,0,0,0,0
14/05/2020,Argentina,tucuman,0,0,0,0,0
15/05/2020,Argentina,buenos-aires,86,2,0,0,0
15/05/2020,Argentina,capital-federal,215,0,0,0,0
15/05/2020,Argentina,chaco,25,1,0,0,0
15/05/2020,Argentina,cordoba,3,0,0,0,0
15/05/2020,Argentina,corrientes,0,0,0,0,0
15/05/2020,Argentina,entre-rios,-1,0,0,0,0
15/05/2020,Argentina,la-rioja,0,0,0,0,0
15/05/2020,Argentina,mendoza,0,0,0,0,0
15/05/2020,Argentina,misiones,0,0,0,0,0
15/05/2020,Argentina,neuquen,0,0,0,0,0
15/05/2020,Argentina,no-data,0,0,2534,75647,83126
15/05/2020,Argentina,rio-negro,17,0,0,0,0
15/05/2020,Argentina,salta,0,0,0,0,0
15/05/2020,Argentina,santa-fe,0,0,0,0,0
15/05/2020,Argentina,santiago-del-estero,0,0,0,0,0
15/05/2020,Argentina,tucuman,0,0,0,0,0
16/05/2020,Argentina,buenos-aires,97,2,0,0,0
16/05/2020,Argentina,capital-federal,193,4,0,0,0
16/05/2020,Argentina,chaco,21,1,0,0,0
16/05/2020,Argentina,cordoba,9,0,0,0,0
16/05/2020,Argentina,corrientes,0,0,0,0,0
16/05/2020,Argentina,entre-rios,0,0,0,0,0
16/05/2020,Argentina,la-rioja,0,0,0,0,0
16/05/2020,Argentina,mendoza,0,0,0,0,0
16/05/2020,Argentina,misiones,0,0,0,0,0
16/05/2020,Argentina,neuquen,0,0,0,0,0
16/05/2020,Argentina,no-data,0,0,2569,77582,85387
16/05/2020,Argentina,rio-negro,6,0,0,0,0
16/05/2020,Argentina,salta,0,0,0,0,0
16/05/2020,Argentina,santa-fe,1,0,0,0,0
16/05/2020,Argentina,santiago-del-estero,0,0,0,0,0
16/05/2020,Argentina,tierra-del-fuego,0,0,0,0,0
17/05/2020,Argentina,buenos-aires,74,3,0,0,0
17/05/2020,Argentina,capital-federal,147,2,0,0,0
17/05/2020,Argentina,chaco,19,2,0,0,0
17/05/2020,Argentina,cordoba,20,2,0,0,0
17/05/2020,Argentina,corrientes,0,0,0,0,0
17/05/2020,Argentina,entre-rios,0,0,0,0,0
17/05/2020,Argentina,la-rioja,1,0,0,0,0
17/05/2020,Argentina,mendoza,0,0,0,0,0
17/05/2020,Argentina,misiones,0,0,0,0,0
17/05/2020,Argentina,neuquen,0,0,0,0,0
17/05/2020,Argentina,no-data,0,0,2625,79462,87530
17/05/2020,Argentina,rio-negro,2,1,0,0,0
17/05/2020,Argentina,salta,0,0,0,0,0
17/05/2020,Argentina,santa-fe,0,0,0,0,0
17/05/2020,Argentina,santiago-del-estero,0,0,0,0,0
17/05/2020,Argentina,tucuman,0,0,0,0,0
18/05/2020,Argentina,buenos-aires,93,2,0,0,0
18/05/2020,Argentina,capital-federal,169,5,0,0,0
18/05/2020,Argentina,chaco,13,2,0,0,0
18/05/2020,Argentina,cordoba,20,0,0,0,0
18/05/2020,Argentina,corrientes,-1,0,0,0,0
18/05/2020,Argentina,entre-rios,0,0,0,0,0
18/05/2020,Argentina,la-rioja,2,0,0,0,0
18/05/2020,Argentina,mendoza,0,0,0,0,0
18/05/2020,Argentina,misiones,0,0,0,0,0
18/05/2020,Argentina,neuquen,0,0,0,0,0
18/05/2020,Argentina,no-data,0,0,2872,81466,89837
18/05/2020,Argentina,rio-negro,2,0,0,0,0
18/05/2020,Argentina,salta,0,0,0,0,0
18/05/2020,Argentina,san-juan,1,0,0,0,0
18/05/2020,Argentina,santa-fe,4,0,0,0,0
18/05/2020,Argentina,santiago-del-estero,0,0,0,0,0
18/05/2020,Argentina,tucuman,0,0,0,0,0
19/05/2020,Argentina,buenos-aires,157,2,0,0,0
19/05/2020,Argentina,capital-federal,224,5,0,0,0
19/05/2020,Argentina,chaco,34,4,0,0,0
19/05/2020,Argentina,cordoba,9,0,0,0,0
19/05/2020,Argentina,corrientes,0,0,0,0,0
19/05/2020,Argentina,entre-rios,0,0,0,0,0
19/05/2020,Argentina,la-rioja,0,0,0,0,0
19/05/2020,Argentina,mendoza,2,0,0,0,0
19/05/2020,Argentina,misiones,0,0,0,0,0
19/05/2020,Argentina,neuquen,0,0,0,0,0
19/05/2020,Argentina,no-data,0,0,2933,84449,93258
19/05/2020,Argentina,rio-negro,6,0,0,0,0
19/05/2020,Argentina,salta,0,0,0,0,0
19/05/2020,Argentina,san-juan,0,0,0,0,0
19/05/2020,Argentina,santa-fe,0,0,0,0,0
19/05/2020,Argentina,santiago-del-estero,6,0,0,0,0
19/05/2020,Argentina,tucuman,0,0,0,0,0
20/05/2020,Argentina,buenos-aires,178,5,0,0,0
20/05/2020,Argentina,capital-federal,257,2,0,0,0
20/05/2020,Argentina,chaco,35,1,0,0,0
20/05/2020,Argentina,cordoba,2,1,0,0,0
20/05/2020,Argentina,corrientes,0,0,0,0,0
20/05/2020,Argentina,entre-rios,0,0,0,0,0
20/05/2020,Argentina,la-rioja,0,0,0,0,0
20/05/2020,Argentina,mendoza,0,0,0,0,0
20/05/2020,Argentina,misiones,0,0,0,0,0
20/05/2020,Argentina,neuquen,0,0,0,0,0
20/05/2020,Argentina,no-data,0,0,3032,87447,96730
20/05/2020,Argentina,rio-negro,2,1,0,0,0
20/05/2020,Argentina,salta,0,0,0,0,0
20/05/2020,Argentina,san-juan,0,0,0,0,0
20/05/2020,Argentina,santa-fe,2,0,0,0,0
20/05/2020,Argentina,santiago-del-estero,0,0,0,0,0
20/05/2020,Argentina,tucuman,0,0,0,0,0
21/05/2020,Argentina,buenos-aires,213,9,0,0,0
21/05/2020,Argentina,capital-federal,379,2,0,0,0
21/05/2020,Argentina,chaco,34,2,0,0,0
21/05/2020,Argentina,cordoba,12,0,0,0,0
21/05/2020,Argentina,corrientes,0,0,0,0,0
21/05/2020,Argentina,entre-rios,0,0,0,0,0
21/05/2020,Argentina,la-rioja,0,0,0,0,0
21/05/2020,Argentina,mendoza,0,0,0,0,0
21/05/2020,Argentina,misiones,0,0,0,0,0
21/05/2020,Argentina,neuquen,0,0,0,0,0
21/05/2020,Argentina,no-data,0,0,3062,90667,100598
21/05/2020,Argentina,rio-negro,3,0,0,0,0
21/05/2020,Argentina,salta,0,0,0,0,0
21/05/2020,Argentina,san-juan,0,0,0,0,0
21/05/2020,Argentina,santa-fe,3,0,0,0,0
21/05/2020,Argentina,santiago-del-estero,0,0,0,0,0
21/05/2020,Argentina,tucuman,1,0,0,0,0
22/05/2020,Argentina,buenos-aires,266,5,0,0,0
22/05/2020,Argentina,capital-federal,404,7,2,0,0
22/05/2020,Argentina,chaco,27,2,0,0,0
22/05/2020,Argentina,cordoba,9,1,0,0,0
22/05/2020,Argentina,corrientes,0,0,0,0,0
22/05/2020,Argentina,entre-rios,0,0,0,0,0
22/05/2020,Argentina,la-rioja,0,0,0,0,0
22/05/2020,Argentina,mendoza,0,0,0,0,0
22/05/2020,Argentina,misiones,0,0,0,0,0
22/05/2020,Argentina,neuquen,0,0,0,0,0
22/05/2020,Argentina,no-data,0,0,3530,93528,104177
22/05/2020,Argentina,rio-negro,6,2,0,0,0
22/05/2020,Argentina,salta,2,0,0,0,0
22/05/2020,Argentina,san-juan,0,0,0,0,0
22/05/2020,Argentina,santa-fe,4,0,0,0,0
22/05/2020,Argentina,santiago-del-estero,0,0,0,0,0
22/05/2020,Argentina,tucuman,0,0,0,0,0
23/05/2020,Argentina,buenos-aires,289,4,0,0,0
23/05/2020,Argentina,capital-federal,400,6,0,0,0
23/05/2020,Argentina,chaco,7,2,0,0,0
23/05/2020,Argentina,cordoba,0,0,0,0,0
23/05/2020,Argentina,corrientes,0,0,0,0,0
23/05/2020,Argentina,entre-rios,0,0,0,0,0
23/05/2020,Argentina,la-rioja,0,0,0,0,0
23/05/2020,Argentina,mendoza,0,0,0,0,0
23/05/2020,Argentina,misiones,0,0,0,0,0
23/05/2020,Argentina,neuquen,0,0,0,0,0
23/05/2020,Argentina,no-data,0,0,3732,95859,107212
23/05/2020,Argentina,rio-negro,5,0,0,0,0
23/05/2020,Argentina,salta,0,0,0,0,0
23/05/2020,Argentina,san-juan,0,0,0,0,0
23/05/2020,Argentina,santa-fe,0,0,0,0,0
23/05/2020,Argentina,santiago-del-estero,0,0,0,0,0
23/05/2020,Argentina,tucuman,3,0,0,0,0
24/05/2020,Argentina,,723,7,0,0,0
25/05/2020,Argentina,,552,15,0,0,0
26/05/2020,Argentina,,599,23,0,0,0
27/05/2020,Argentina,,706,10,0,0,0
28/05/2020,Argentina,,769,8,0,0,0
29/05/2020,Argentina,,718,12,0,0,0
30/05/2020,Argentina,,795,8,0,0,0
31/05/2020,Argentina,,637,11,0,0,0
1/06/2020,Argentina,,564,17,0,0,0
2/06/2020,Argentina,,904,13,0,0,0
3/06/2020,Argentina,,930,13,0,0,0